game_id,seed,days,ticks,winner_id,winner_name,interventions
0,1000,19,440,9.0,D5 Male,6
1,1001,20,467,21.0,D11 Male,6
2,1002,20,465,23.0,D12 Male,6
3,1003,16,367,23.0,D12 Male,6
4,1004,18,412,20.0,D11 Female,6
5,1005,22,509,15.0,D8 Male,8
6,1006,17,384,13.0,D7 Male,6
7,1007,18,420,12.0,D7 Female,5
8,1008,19,454,18.0,D10 Female,5
9,1009,21,481,3.0,D2 Male,7
10,1010,18,416,2.0,D2 Female,6
11,1011,20,457,4.0,D3 Female,5
12,1012,19,437,16.0,D9 Female,7
13,1013,17,392,7.0,D4 Male,8
14,1014,17,406,5.0,D3 Male,5
15,1015,17,388,10.0,D6 Female,7
16,1016,18,423,5.0,D3 Male,7
17,1017,17,406,11.0,D6 Male,5
18,1018,16,372,12.0,D7 Female,5
19,1019,18,428,22.0,D12 Female,6
20,1020,18,416,,,6
21,1021,17,405,10.0,D6 Female,7
22,1022,19,449,1.0,D1 Male,5
23,1023,17,396,2.0,D2 Female,6
24,1024,17,394,12.0,D7 Female,8
25,1025,19,443,3.0,D2 Male,7
26,1026,20,456,16.0,D9 Female,6
27,1027,19,434,19.0,D10 Male,5
28,1028,22,504,0.0,D1 Female,5
29,1029,21,481,6.0,D4 Female,6
30,1030,18,416,17.0,D9 Male,6
31,1031,18,431,7.0,D4 Male,7
32,1032,16,369,10.0,D6 Female,8
33,1033,19,446,1.0,D1 Male,6
34,1034,19,451,8.0,D5 Female,8
35,1035,18,417,14.0,D8 Female,8
36,1036,17,404,10.0,D6 Female,4
37,1037,15,358,22.0,D12 Female,6
38,1038,19,443,13.0,D7 Male,7
39,1039,18,429,11.0,D6 Male,8
40,1040,17,386,11.0,D6 Male,7
41,1041,19,432,17.0,D9 Male,5
42,1042,19,437,17.0,D9 Male,7
43,1043,15,353,10.0,D6 Female,4
44,1044,19,453,17.0,D9 Male,6
45,1045,17,406,12.0,D7 Female,5
46,1046,18,415,15.0,D8 Male,7
47,1047,20,464,3.0,D2 Male,6
48,1048,19,441,16.0,D9 Female,8
49,1049,17,392,6.0,D4 Female,7
50,1050,19,439,1.0,D1 Male,7
51,1051,20,466,4.0,D3 Female,7
52,1052,19,436,1.0,D1 Male,6
53,1053,19,450,6.0,D4 Female,6
54,1054,17,404,16.0,D9 Female,5
55,1055,18,408,14.0,D8 Female,5
56,1056,19,444,0.0,D1 Female,5
57,1057,20,478,13.0,D7 Male,7
58,1058,17,391,19.0,D10 Male,5
59,1059,17,398,4.0,D3 Female,8
60,1060,15,338,2.0,D2 Female,8
61,1061,18,416,10.0,D6 Female,8
62,1062,21,497,4.0,D3 Female,6
63,1063,20,463,3.0,D2 Male,7
64,1064,20,460,18.0,D10 Female,6
65,1065,21,481,0.0,D1 Female,7
66,1066,17,406,16.0,D9 Female,5
67,1067,20,461,21.0,D11 Male,6
68,1068,21,485,16.0,D9 Female,6
69,1069,21,487,11.0,D6 Male,6
70,1070,20,475,11.0,D6 Male,8
71,1071,19,445,19.0,D10 Male,5
72,1072,18,417,,,6
73,1073,18,423,0.0,D1 Female,9
74,1074,19,438,20.0,D11 Female,6
75,1075,17,396,13.0,D7 Male,5
76,1076,17,407,21.0,D11 Male,6
77,1077,18,427,16.0,D9 Female,8
78,1078,21,502,13.0,D7 Male,7
79,1079,19,450,21.0,D11 Male,5
80,1080,22,506,2.0,D2 Female,7
81,1081,21,496,16.0,D9 Female,5
82,1082,20,466,15.0,D8 Male,7
83,1083,18,418,7.0,D4 Male,7
84,1084,20,462,8.0,D5 Female,7
85,1085,18,418,2.0,D2 Female,6
86,1086,18,429,23.0,D12 Male,8
87,1087,19,434,14.0,D8 Female,6
88,1088,21,498,9.0,D5 Male,7
89,1089,20,456,22.0,D12 Female,8
90,1090,18,418,21.0,D11 Male,5
91,1091,18,423,1.0,D1 Male,6
92,1092,18,426,19.0,D10 Male,7
93,1093,17,395,13.0,D7 Male,7
94,1094,17,403,20.0,D11 Female,7
95,1095,18,430,11.0,D6 Male,7
96,1096,18,430,0.0,D1 Female,7
97,1097,17,387,14.0,D8 Female,7
98,1098,19,448,19.0,D10 Male,7
99,1099,21,501,7.0,D4 Male,8
100,1100,18,418,8.0,D5 Female,8
101,1101,20,461,11.0,D6 Male,7
102,1102,17,392,9.0,D5 Male,7
103,1103,19,452,6.0,D4 Female,7
104,1104,20,462,23.0,D12 Male,6
105,1105,16,368,11.0,D6 Male,8
106,1106,21,487,17.0,D9 Male,7
107,1107,21,491,22.0,D12 Female,7
108,1108,15,358,0.0,D1 Female,7
109,1109,19,439,17.0,D9 Male,6
110,1110,19,446,2.0,D2 Female,7
111,1111,19,450,,,7
112,1112,18,428,17.0,D9 Male,4
113,1113,20,474,2.0,D2 Female,5
114,1114,21,487,15.0,D8 Male,7
115,1115,17,405,17.0,D9 Male,6
116,1116,18,429,14.0,D8 Female,6
117,1117,18,410,22.0,D12 Female,6
118,1118,16,377,5.0,D3 Male,8
119,1119,20,466,21.0,D11 Male,7
120,1120,17,396,23.0,D12 Male,8
121,1121,19,437,7.0,D4 Male,6
122,1122,18,428,22.0,D12 Female,6
123,1123,21,481,19.0,D10 Male,7
124,1124,18,409,,,8
125,1125,19,445,2.0,D2 Female,6
126,1126,19,444,1.0,D1 Male,6
127,1127,18,427,18.0,D10 Female,6
128,1128,17,404,1.0,D1 Male,6
129,1129,17,403,18.0,D10 Female,7
130,1130,22,509,0.0,D1 Female,8
131,1131,19,442,19.0,D10 Male,7
132,1132,15,343,7.0,D4 Male,6
133,1133,18,416,14.0,D8 Female,5
134,1134,20,460,20.0,D11 Female,8
135,1135,16,382,22.0,D12 Female,8
136,1136,19,455,17.0,D9 Male,6
137,1137,17,389,14.0,D8 Female,7
138,1138,19,439,20.0,D11 Female,9
139,1139,18,426,17.0,D9 Male,4
140,1140,18,408,15.0,D8 Male,7
141,1141,17,403,0.0,D1 Female,6
142,1142,18,415,0.0,D1 Female,6
143,1143,17,392,11.0,D6 Male,8
144,1144,17,386,9.0,D5 Male,6
145,1145,18,418,0.0,D1 Female,7
146,1146,20,479,22.0,D12 Female,6
147,1147,19,441,10.0,D6 Female,6
148,1148,16,374,3.0,D2 Male,7
149,1149,17,397,7.0,D4 Male,6
150,1150,18,430,8.0,D5 Female,7
151,1151,19,435,13.0,D7 Male,6
152,1152,18,421,3.0,D2 Male,6
153,1153,17,404,9.0,D5 Male,6
154,1154,17,401,18.0,D10 Female,6
155,1155,19,435,21.0,D11 Male,8
156,1156,17,391,21.0,D11 Male,7
157,1157,20,466,18.0,D10 Female,6
158,1158,19,439,10.0,D6 Female,7
159,1159,19,448,8.0,D5 Female,7
160,1160,20,467,13.0,D7 Male,5
161,1161,21,485,10.0,D6 Female,7
162,1162,17,405,2.0,D2 Female,7
163,1163,21,491,11.0,D6 Male,6
164,1164,20,476,12.0,D7 Female,7
165,1165,19,454,7.0,D4 Male,7
166,1166,18,419,14.0,D8 Female,6
167,1167,16,380,9.0,D5 Male,7
168,1168,19,437,15.0,D8 Male,5
169,1169,16,380,2.0,D2 Female,6
170,1170,17,387,21.0,D11 Male,6
171,1171,18,416,4.0,D3 Female,7
172,1172,20,463,12.0,D7 Female,7
173,1173,17,392,6.0,D4 Female,8
174,1174,20,465,11.0,D6 Male,4
175,1175,19,445,16.0,D9 Female,8
176,1176,20,466,17.0,D9 Male,8
177,1177,19,443,7.0,D4 Male,6
178,1178,20,472,0.0,D1 Female,5
179,1179,17,388,10.0,D6 Female,6
180,1180,18,413,0.0,D1 Female,8
181,1181,20,461,2.0,D2 Female,7
182,1182,15,349,2.0,D2 Female,5
183,1183,17,397,13.0,D7 Male,8
184,1184,19,451,2.0,D2 Female,7
185,1185,17,401,14.0,D8 Female,7
186,1186,16,376,21.0,D11 Male,8
187,1187,19,445,23.0,D12 Male,6
188,1188,19,449,14.0,D8 Female,6
189,1189,16,380,22.0,D12 Female,8
190,1190,17,389,5.0,D3 Male,8
191,1191,17,398,16.0,D9 Female,5
192,1192,20,478,8.0,D5 Female,7
193,1193,20,456,5.0,D3 Male,6
194,1194,20,457,0.0,D1 Female,8
195,1195,18,429,12.0,D7 Female,7
196,1196,18,415,15.0,D8 Male,6
197,1197,18,427,21.0,D11 Male,6
198,1198,20,457,0.0,D1 Female,8
199,1199,19,442,10.0,D6 Female,7
