game_id,day,tick,player_id,player_name,kind,favor
0,3,48,0,D1 Female,water,0.625
0,3,48,10,D6 Female,water,0.20833333333333334
0,3,48,21,D11 Male,water,0.125
0,5,96,16,D9 Female,medicine,0.3333333333333333
0,8,168,12,D7 Female,water,0.2916666666666667
0,14,312,2,D2 Female,water,0.7433333333333333
1,3,48,6,D4 Female,water,0.6666666666666667
1,3,48,23,D12 Male,water,0.4166666666666667
1,4,72,0,D1 Female,water,0.5
1,5,96,16,D9 Female,medicine,0.4966666666666667
1,6,120,1,D1 Male,water,0.5
1,6,120,23,D12 Male,medicine,0.4166666666666667
1,18,408,21,D11 Male,water,0.535
2,3,48,1,D1 Male,water,0.5416666666666667
2,3,48,20,D11 Female,water,0.08333333333333333
2,4,72,10,D6 Female,water,0.375
2,4,72,23,D12 Male,water,0.4583333333333333
2,6,120,10,D6 Female,water,0.455
3,3,48,10,D6 Female,water,0.2916666666666667
3,4,72,0,D1 Female,medicine,0.41666666666666663
3,4,72,1,D1 Male,water,0.625
3,4,72,17,D9 Male,water,0.375
3,4,72,19,D10 Male,water,0.455
3,5,96,22,D12 Female,water,0.41333333333333333
3,6,120,2,D2 Female,medicine,0.66
3,6,120,3,D2 Male,medicine,0.41666666666666663
3,7,144,7,D4 Male,medicine,0.8266666666666668
3,8,168,23,D12 Male,medicine,0.535
3,11,240,1,D1 Male,medicine,0.625
3,11,240,7,D4 Male,water,0.8266666666666668
3,12,264,1,D1 Male,water,0.625
3,13,288,17,D9 Male,medicine,0.375
4,5,96,6,D4 Female,medicine,0.7083333333333333
4,8,168,16,D9 Female,medicine,0.3716666666666667
4,15,336,20,D11 Female,water,0.4933333333333333
5,6,120,0,D1 Female,water,0.7433333333333333
5,6,120,10,D6 Female,water,0.4583333333333333
5,7,144,2,D2 Female,water,0.7466666666666667
5,12,264,16,D9 Female,medicine,0.4933333333333333
5,18,408,16,D9 Female,medicine,0.5733333333333333
5,22,504,15,D8 Male,medicine,0.49
6,3,48,3,D2 Male,water,0.625
6,4,72,1,D1 Male,water,0.41666666666666663
6,4,72,8,D5 Female,medicine,0.20500000000000002
6,4,72,17,D9 Male,medicine,0.3716666666666667
6,5,96,1,D1 Male,water,0.41666666666666663
6,5,96,7,D4 Male,medicine,0.705
6,5,96,22,D12 Female,medicine,0.6183333333333333
6,7,144,13,D7 Male,medicine,0.5
6,8,168,3,D2 Male,water,0.625
7,3,48,0,D1 Female,water,0.5416666666666667
7,3,48,10,D6 Female,water,0.5
7,6,120,14,D8 Female,water,0.3333333333333333
7,6,120,16,D9 Female,water,0.58
7,12,264,6,D4 Female,medicine,0.875
7,14,312,16,D9 Female,water,0.66
7,15,336,6,D4 Female,water,0.875
7,16,360,16,D9 Female,water,0.66
8,3,48,6,D4 Female,water,0.45833333333333337
8,3,48,9,D5 Male,water,0.2916666666666667
8,3,48,15,D8 Male,water,0.4166666666666667
8,3,48,21,D11 Male,water,0.125
8,8,168,3,D2 Male,medicine,0.5
8,8,168,10,D6 Female,water,0.4966666666666667
8,9,192,3,D2 Male,medicine,0.5
8,13,288,20,D11 Female,water,0.66
9,6,120,15,D8 Male,medicine,0.2916666666666667
9,8,168,17,D9 Male,water,0.535
9,10,216,18,D10 Female,medicine,0.25
9,11,240,16,D9 Female,water,0.3716666666666667
9,12,264,10,D6 Female,water,0.4966666666666667
9,14,312,18,D10 Female,medicine,0.25
9,21,480,16,D9 Female,medicine,0.45166666666666666
10,3,48,0,D1 Female,water,0.6666666666666667
10,3,48,11,D6 Male,water,0.5
10,3,48,15,D8 Male,water,0.2916666666666667
10,4,72,15,D8 Male,medicine,0.2916666666666667
10,5,96,0,D1 Female,water,0.7466666666666667
10,7,144,1,D1 Male,medicine,0.5416666666666667
10,7,144,7,D4 Male,medicine,0.7883333333333332
10,12,264,7,D4 Male,medicine,0.9483333333333333
10,17,384,7,D4 Male,water,0.9583333333333333
10,17,384,13,D7 Male,medicine,0.41333333333333333
11,3,48,22,D12 Female,water,0.25
11,5,96,0,D1 Female,medicine,0.5833333333333333
11,5,96,11,D6 Male,medicine,0.2916666666666667
11,6,120,14,D8 Female,medicine,0.33
11,10,216,14,D8 Female,medicine,0.33
11,13,288,2,D2 Female,water,0.6633333333333332
11,13,288,17,D9 Male,water,0.16666666666666666
11,19,432,5,D3 Male,medicine,0.28833333333333333
12,3,48,7,D4 Male,water,0.5833333333333333
12,3,48,14,D8 Female,water,0.20833333333333334
12,3,48,21,D11 Male,water,0.20833333333333334
12,3,48,22,D12 Female,water,0.375
12,4,72,13,D7 Male,water,0.3333333333333333
12,5,96,7,D4 Male,medicine,0.6633333333333332
12,5,96,20,D11 Female,medicine,0.4966666666666667
12,6,120,23,D12 Male,water,0.25
12,7,144,6,D4 Female,water,0.6633333333333332
12,17,384,6,D4 Female,water,0.7433333333333333
12,17,384,16,D9 Female,medicine,0.4066666666666666
13,5,96,2,D2 Female,water,0.455
13,6,120,20,D11 Female,water,0.125
13,7,144,3,D2 Male,medicine,0.6216666666666667
13,8,168,3,D2 Male,medicine,0.6216666666666667
13,12,264,7,D4 Male,medicine,0.5383333333333333
13,17,384,7,D4 Male,medicine,0.7083333333333334
14,4,72,1,D1 Male,medicine,0.6216666666666667
14,4,72,18,D10 Female,water,0.28833333333333333
14,5,96,9,D5 Male,medicine,0.33
14,6,120,15,D8 Male,medicine,0.4166666666666667
14,7,144,1,D1 Male,water,0.6216666666666667
14,7,144,20,D11 Female,water,0.4166666666666667
14,9,192,20,D11 Female,medicine,0.4166666666666667
14,13,288,4,D3 Female,medicine,0.5833333333333333
15,3,48,1,D1 Male,water,0.7083333333333333
15,3,48,3,D2 Male,water,0.625
15,3,48,11,D6 Male,water,0.25
15,4,72,9,D5 Male,water,0.5
15,4,72,20,D11 Female,medicine,0.28833333333333333
15,5,96,4,D3 Female,medicine,0.24666666666666665
16,3,48,7,D4 Male,water,0.5833333333333333
16,3,48,13,D7 Male,water,0.4166666666666667
16,4,72,10,D6 Female,water,0.4166666666666667
16,5,96,4,D3 Female,water,0.3716666666666667
16,6,120,0,D1 Female,medicine,0.6633333333333332
16,8,168,13,D7 Male,water,0.4166666666666667
16,10,216,13,D7 Male,water,0.4166666666666667
16,11,240,13,D7 Male,water,0.4166666666666667
16,12,264,6,D4 Female,water,0.5383333333333333
16,13,288,10,D6 Female,medicine,0.4166666666666667
17,3,48,9,D5 Male,water,0.4166666666666667
17,3,48,21,D11 Male,water,0.4166666666666667
17,5,96,5,D3 Male,medicine,0.20833333333333334
17,5,96,8,D5 Female,water,0.375
17,6,120,7,D4 Male,water,0.3333333333333333
17,6,120,18,D10 Female,medicine,0.4966666666666667
17,6,120,19,D10 Male,medicine,0.375
17,12,264,11,D6 Male,water,0.3333333333333333
18,3,48,5,D3 Male,water,0.4583333333333333
18,5,96,5,D3 Male,water,0.4583333333333333
18,7,144,3,D2 Male,medicine,0.7466666666666667
18,7,144,5,D3 Male,water,0.4583333333333333
18,9,192,3,D2 Male,medicine,0.7466666666666667
18,14,312,3,D2 Male,water,0.7466666666666667
19,3,48,7,D4 Male,water,0.5416666666666667
19,3,48,8,D5 Female,water,0.3333333333333333
19,7,144,10,D6 Female,medicine,0.33
19,17,384,22,D12 Female,water,0.5766666666666667
20,3,48,8,D5 Female,water,0.125
20,4,72,0,D1 Female,medicine,0.83
20,5,96,8,D5 Female,medicine,0.125
21,3,48,2,D2 Female,water,0.375
21,3,48,3,D2 Male,water,0.625
21,5,96,9,D5 Male,water,0.3333333333333333
21,9,192,2,D2 Female,water,0.375
21,13,288,8,D5 Female,medicine,0.41333333333333333
21,17,384,23,D12 Male,medicine,0.41000000000000003
22,3,48,4,D3 Female,water,0.3333333333333333
22,3,48,7,D4 Male,water,0.5833333333333333
22,4,72,21,D11 Male,water,0.20833333333333334
22,6,120,18,D10 Female,water,0.41000000000000003
22,7,144,0,D1 Female,medicine,0.5
22,8,168,1,D1 Male,medicine,0.49666666666666665
22,8,168,6,D4 Female,medicine,0.66
22,17,384,19,D10 Male,water,0.3716666666666667
23,3,48,19,D10 Male,water,0.3333333333333333
23,3,48,21,D11 Male,water,0.33
23,3,48,23,D12 Male,water,0.2916666666666667
23,5,96,5,D3 Male,medicine,0.3716666666666667
23,9,192,4,D3 Female,medicine,0.6183333333333333
24,3,48,17,D9 Male,water,0.375
24,4,72,4,D3 Female,water,0.4966666666666667
24,6,120,14,D8 Female,water,0.41333333333333333
24,8,168,14,D8 Female,water,0.41333333333333333
24,8,168,21,D11 Male,medicine,0.36833333333333335
25,3,48,6,D4 Female,medicine,0.45833333333333337
25,3,48,7,D4 Male,water,0.5833333333333333
25,6,120,11,D6 Male,water,0.25
25,8,168,7,D4 Male,water,0.5833333333333333
25,15,336,5,D3 Male,medicine,0.6666666666666667
26,4,72,3,D2 Male,medicine,0.705
26,10,216,16,D9 Female,water,0.4966666666666667
27,3,48,0,D1 Female,medicine,0.45833333333333337
27,3,48,1,D1 Male,water,0.5833333333333333
27,4,72,23,D12 Male,medicine,0.25
27,5,96,0,D1 Female,medicine,0.6183333333333334
27,5,96,1,D1 Male,water,0.5833333333333333
27,6,120,1,D1 Male,medicine,0.5833333333333333
27,6,120,12,D7 Female,water,0.4166666666666667
27,6,120,23,D12 Male,medicine,0.25
27,7,144,0,D1 Female,medicine,0.6983333333333334
27,7,144,1,D1 Male,medicine,0.5833333333333333
27,12,264,0,D1 Female,water,0.6983333333333334
27,14,312,0,D1 Female,water,0.6983333333333334
27,16,360,0,D1 Female,water,0.6983333333333334
27,19,432,3,D2 Male,medicine,0.7916666666666667
28,3,48,5,D3 Male,water,0.125
28,5,96,23,D12 Male,water,0.4166666666666667
28,7,144,20,D11 Female,water,0.3716666666666667
28,10,216,0,D1 Female,water,0.5833333333333333
28,11,240,10,D6 Female,water,0.4933333333333333
28,19,432,15,D8 Male,medicine,0.41000000000000003
28,21,480,21,D11 Male,medicine,0.6983333333333333
29,3,48,15,D8 Male,water,0.20833333333333334
29,3,48,22,D12 Female,water,0.3333333333333333
29,3,48,23,D12 Male,water,0.20833333333333334
29,4,72,4,D3 Female,water,0.4166666666666667
29,4,72,9,D5 Male,medicine,0.2916666666666667
29,4,72,14,D8 Female,medicine,0.28833333333333333
29,5,96,20,D11 Female,medicine,0.58
29,7,144,0,D1 Female,medicine,0.6633333333333332
29,7,144,16,D9 Female,water,0.3716666666666667
29,7,144,20,D11 Female,medicine,0.58
29,8,168,22,D12 Female,water,0.3333333333333333
29,18,408,4,D3 Female,water,0.4966666666666667
29,19,432,4,D3 Female,water,0.4966666666666667
30,3,48,3,D2 Male,water,0.6666666666666667
30,4,72,3,D2 Male,medicine,0.7466666666666667
30,5,96,15,D8 Male,medicine,0.41333333333333333
30,6,120,17,D9 Male,medicine,0.3716666666666667
30,6,120,18,D10 Female,water,0.4583333333333333
30,7,144,1,D1 Male,medicine,0.705
30,7,144,21,D11 Male,medicine,0.41333333333333333
30,18,408,22,D12 Female,medicine,0.16333333333333333
31,3,48,0,D1 Female,water,0.45833333333333337
31,3,48,3,D2 Male,medicine,0.625
31,7,144,23,D12 Male,medicine,0.5
31,8,168,9,D5 Male,water,0.41333333333333333
31,9,192,15,D8 Male,medicine,0.3716666666666667
31,17,384,1,D1 Male,medicine,0.5
32,3,48,8,D5 Female,water,0.4583333333333333
32,5,96,5,D3 Male,medicine,0.3716666666666667
32,6,120,14,D8 Female,medicine,0.20833333333333334
32,10,216,6,D4 Female,medicine,0.5833333333333333
32,11,240,6,D4 Female,medicine,0.5833333333333333
33,3,48,19,D10 Male,water,0.5
33,4,72,11,D6 Male,medicine,0.20833333333333334
33,4,72,17,D9 Male,medicine,0.3333333333333333
33,6,120,22,D12 Female,water,0.25
33,8,168,11,D6 Male,water,0.20833333333333334
33,9,192,17,D9 Male,water,0.3333333333333333
34,3,48,22,D12 Female,water,0.16666666666666666
34,5,96,3,D2 Male,water,0.375
34,6,120,10,D6 Female,medicine,0.3716666666666667
34,7,144,13,D7 Male,medicine,0.3716666666666667
34,8,168,6,D4 Female,medicine,0.5383333333333333
34,9,192,3,D2 Male,medicine,0.455
34,11,240,12,D7 Female,water,0.28833333333333333
34,11,240,21,D11 Male,water,0.24666666666666665
35,3,48,16,D9 Female,water,0.455
35,5,96,1,D1 Male,medicine,0.6216666666666667
36,3,48,1,D1 Male,water,0.5833333333333333
36,3,48,3,D2 Male,water,0.75
36,11,240,2,D2 Female,medicine,0.6216666666666667
37,3,48,17,D9 Male,water,0.3716666666666667
37,4,72,2,D2 Female,medicine,0.7466666666666667
37,5,96,3,D2 Male,water,0.45833333333333337
37,5,96,16,D9 Female,medicine,0.5383333333333333
37,7,144,3,D2 Male,water,0.45833333333333337
38,3,48,8,D5 Female,water,0.2916666666666667
38,3,48,9,D5 Male,water,0.375
38,4,72,15,D8 Male,medicine,0.28833333333333333
38,5,96,8,D5 Female,water,0.2916666666666667
38,5,96,15,D8 Male,medicine,0.28833333333333333
38,6,120,6,D4 Female,water,0.625
38,6,120,9,D5 Male,medicine,0.455
38,10,216,17,D9 Male,water,0.125
38,11,240,0,D1 Female,medicine,0.6216666666666667
38,15,336,6,D4 Female,water,0.625
38,17,384,6,D4 Female,water,0.705
38,17,384,13,D7 Male,water,0.5766666666666667
39,3,48,4,D3 Female,medicine,0.3333333333333333
39,3,48,13,D7 Male,water,0.3333333333333333
39,3,48,16,D9 Female,water,0.2916666666666667
39,4,72,1,D1 Male,medicine,0.45833333333333337
39,6,120,3,D2 Male,medicine,0.705
39,6,120,17,D9 Male,medicine,0.16666666666666666
39,7,144,22,D12 Female,medicine,0.41333333333333333
39,13,288,21,D11 Male,water,0.2916666666666667
39,16,360,12,D7 Female,water,0.455
39,17,384,11,D6 Male,water,0.41000000000000003
40,3,48,16,D9 Female,water,0.2916666666666667
40,4,72,19,D10 Male,water,0.2916666666666667
40,9,192,2,D2 Female,medicine,0.6216666666666667
40,15,336,0,D1 Female,medicine,0.45833333333333337
40,17,384,2,D2 Female,medicine,0.7016666666666668
41,3,48,1,D1 Male,water,0.625
41,4,72,13,D7 Male,medicine,0.33
41,6,120,4,D3 Female,water,0.58
41,12,264,15,D8 Male,water,0.4933333333333333
41,14,312,9,D5 Male,medicine,0.32666666666666666
41,17,384,2,D2 Female,water,0.58
41,18,408,17,D9 Male,water,0.45166666666666666
42,4,72,15,D8 Male,medicine,0.2916666666666667
42,4,72,19,D10 Male,medicine,0.28833333333333333
42,5,96,15,D8 Male,water,0.2916666666666667
42,7,144,6,D4 Female,medicine,0.5416666666666667
42,9,192,10,D6 Female,medicine,0.5766666666666667
42,12,264,1,D1 Male,medicine,0.5383333333333333
43,5,96,6,D4 Female,water,0.45833333333333337
43,10,216,2,D2 Female,water,0.83
43,10,216,22,D12 Female,medicine,0.3333333333333333
43,12,264,1,D1 Male,medicine,0.66
43,13,288,2,D2 Female,water,0.83
44,3,48,0,D1 Female,water,0.5833333333333333
44,5,96,1,D1 Male,medicine,0.6633333333333332
44,8,168,8,D5 Female,water,0.33
44,9,192,17,D9 Male,medicine,0.25
44,11,240,8,D5 Female,water,0.33
45,3,48,1,D1 Male,water,0.41666666666666663
45,3,48,6,D4 Female,water,0.5416666666666667
45,4,72,5,D3 Male,water,0.041666666666666664
45,5,96,1,D1 Male,water,0.41666666666666663
45,5,96,6,D4 Female,water,0.6216666666666667
45,5,96,13,D7 Male,water,0.3333333333333333
45,13,288,15,D8 Male,water,0.455
46,3,48,0,D1 Female,water,0.5
46,3,48,3,D2 Male,water,0.45833333333333337
46,3,48,15,D8 Male,medicine,0.4166666666666667
46,3,48,20,D11 Female,water,0.2916666666666667
46,3,48,21,D11 Male,water,0.2916666666666667
46,4,72,14,D8 Female,medicine,0.4583333333333333
46,5,96,0,D1 Female,water,0.5
46,8,168,4,D3 Female,water,0.66
46,10,216,4,D3 Female,water,0.74
46,16,360,4,D3 Female,water,0.74
46,16,360,18,D10 Female,medicine,0.3716666666666667
47,5,96,7,D4 Male,water,0.3333333333333333
47,6,120,16,D9 Female,medicine,0.33
47,7,144,7,D4 Male,medicine,0.3333333333333333
47,7,144,16,D9 Female,medicine,0.33
47,8,168,3,D2 Male,water,0.7883333333333332
47,9,192,9,D5 Male,medicine,0.4933333333333333
47,11,240,9,D5 Male,medicine,0.4933333333333333
47,11,240,16,D9 Female,water,0.33
48,3,48,7,D4 Male,water,0.5416666666666667
48,3,48,16,D9 Female,water,0.3333333333333333
48,4,72,19,D10 Male,water,0.375
48,6,120,2,D2 Female,water,0.49666666666666665
48,8,168,19,D10 Male,medicine,0.375
48,9,192,6,D4 Female,medicine,0.41333333333333333
48,14,312,19,D10 Male,water,0.375
48,15,336,15,D8 Male,water,0.2916666666666667
49,4,72,0,D1 Female,medicine,0.705
49,4,72,6,D4 Female,medicine,0.705
49,4,72,17,D9 Male,water,0.455
49,4,72,22,D12 Female,water,0.3333333333333333
49,5,96,7,D4 Male,water,0.83
49,10,216,19,D10 Male,medicine,0.3716666666666667
50,3,48,5,D3 Male,medicine,0.3716666666666667
50,3,48,7,D4 Male,water,0.5833333333333333
50,3,48,22,D12 Female,water,0.25
50,4,72,20,D11 Female,medicine,0.3333333333333333
50,6,120,18,D10 Female,water,0.24666666666666665
50,7,144,1,D1 Male,medicine,0.49666666666666665
50,7,144,15,D8 Male,medicine,0.4966666666666667
50,9,192,21,D11 Male,water,0.125
50,11,240,2,D2 Female,medicine,0.45833333333333337
50,13,288,15,D8 Male,water,0.4966666666666667
50,16,360,9,D5 Male,water,0.3716666666666667
50,18,408,1,D1 Male,medicine,0.6566666666666666
51,3,48,0,D1 Female,water,0.7083333333333333
51,3,48,22,D12 Female,water,0.2916666666666667
51,5,96,8,D5 Female,medicine,0.33
51,6,120,8,D5 Female,water,0.33
51,8,168,14,D8 Female,water,0.20833333333333334
51,11,240,11,D6 Male,water,0.4933333333333333
51,12,264,1,D1 Male,medicine,0.5
51,14,312,20,D11 Female,medicine,0.3333333333333333
51,17,384,11,D6 Male,water,0.4933333333333333
52,5,96,22,D12 Female,medicine,0.455
52,7,144,23,D12 Male,water,0.25
52,8,168,2,D2 Female,medicine,0.5383333333333333
52,14,312,22,D12 Female,water,0.615
52,18,408,1,D1 Male,water,0.6216666666666667
52,18,408,11,D6 Male,water,0.5316666666666667
53,3,48,21,D11 Male,water,0.2916666666666667
53,4,72,7,D4 Male,water,0.5
53,5,96,3,D2 Male,water,0.625
53,6,120,13,D7 Male,water,0.16666666666666666
53,7,144,6,D4 Female,medicine,0.83
53,9,192,10,D6 Female,medicine,0.455
53,12,264,3,D2 Male,medicine,0.705
54,3,48,15,D8 Male,medicine,0.3333333333333333
54,3,48,19,D10 Male,water,0.3333333333333333
54,4,72,8,D5 Female,water,0.5
54,4,72,15,D8 Male,water,0.3333333333333333
54,5,96,8,D5 Female,water,0.5
54,7,144,8,D5 Female,water,0.5
54,8,168,0,D1 Female,medicine,0.66
54,12,264,19,D10 Male,water,0.3333333333333333
54,13,288,7,D4 Male,water,0.7883333333333332
54,16,360,16,D9 Female,medicine,0.33
54,17,384,9,D5 Male,medicine,0.535
55,3,48,0,D1 Female,water,0.5
55,3,48,4,D3 Female,medicine,0.41333333333333333
55,3,48,5,D3 Male,water,0.375
55,4,72,2,D2 Female,medicine,0.5833333333333333
55,7,144,4,D3 Female,water,0.41333333333333333
55,14,312,9,D5 Male,water,0.28833333333333333
55,14,312,13,D7 Male,water,0.6566666666666667
56,3,48,2,D2 Female,medicine,0.5
56,3,48,6,D4 Female,water,0.5833333333333333
56,3,48,12,D7 Female,water,0.375
56,7,144,3,D2 Male,medicine,0.6633333333333332
56,9,192,9,D5 Male,water,0.4966666666666667
56,12,264,20,D11 Female,medicine,0.455
57,3,48,0,D1 Female,water,0.625
57,3,48,8,D5 Female,water,0.3333333333333333
57,3,48,10,D6 Female,water,0.4583333333333333
57,3,48,23,D12 Male,water,0.20833333333333334
57,4,72,13,D7 Male,water,0.28833333333333333
57,5,96,0,D1 Female,water,0.625
57,5,96,10,D6 Female,water,0.4583333333333333
57,8,168,7,D4 Male,water,0.45833333333333337
57,12,264,7,D4 Male,water,0.5383333333333333
57,13,288,4,D3 Female,medicine,0.3333333333333333
58,3,48,16,D9 Female,water,0.375
58,4,72,2,D2 Female,medicine,0.5416666666666667
58,5,96,4,D3 Female,medicine,0.41333333333333333
58,10,216,6,D4 Female,water,0.2916666666666667
58,14,312,1,D1 Male,medicine,0.74
58,17,384,1,D1 Male,medicine,0.75
59,3,48,0,D1 Female,water,0.5833333333333333
59,3,48,1,D1 Male,medicine,0.5833333333333333
59,3,48,5,D3 Male,water,0.4166666666666667
59,3,48,12,D7 Female,water,0.3333333333333333
59,5,96,15,D8 Male,water,0.3333333333333333
59,6,120,23,D12 Male,water,0.2916666666666667
59,15,336,4,D3 Female,water,0.535
60,3,48,0,D1 Female,water,0.6666666666666667
60,9,192,10,D6 Female,medicine,0.24666666666666665
61,3,48,0,D1 Female,water,0.75
61,3,48,3,D2 Male,water,0.5
61,4,72,6,D4 Female,medicine,0.58
61,5,96,2,D2 Female,medicine,0.6633333333333332
61,7,144,20,D11 Female,water,0.28833333333333333
61,8,168,2,D2 Female,medicine,0.6633333333333332
61,10,216,6,D4 Female,water,0.66
61,16,360,6,D4 Female,medicine,0.66
62,4,72,3,D2 Male,water,0.5
62,6,120,16,D9 Female,water,0.3333333333333333
62,13,288,3,D2 Male,water,0.58
62,17,384,1,D1 Male,water,0.7083333333333333
63,3,48,11,D6 Male,water,0.455
63,3,48,21,D11 Male,water,0.375
63,6,120,2,D2 Female,medicine,0.6666666666666667
63,10,216,12,D7 Female,water,0.41333333333333333
64,3,48,6,D4 Female,water,0.5
64,3,48,7,D4 Male,water,0.6666666666666667
64,3,48,14,D8 Female,water,0.2916666666666667
64,4,72,3,D2 Male,medicine,0.7466666666666667
64,5,96,3,D2 Male,medicine,0.7466666666666667
64,11,240,3,D2 Male,medicine,0.7466666666666667
64,12,264,8,D5 Female,water,0.25
64,16,360,4,D3 Female,water,0.5766666666666667
64,16,360,15,D8 Male,water,0.5733333333333333
65,3,48,11,D6 Male,water,0.25
65,3,48,17,D9 Male,water,0.25
65,4,72,1,D1 Male,water,0.45833333333333337
65,5,96,22,D12 Female,water,0.25
65,9,192,21,D11 Male,medicine,0.2916666666666667
65,21,480,17,D9 Male,medicine,0.41000000000000003
66,3,48,19,D10 Male,water,0.2916666666666667
66,16,360,16,D9 Female,water,0.28833333333333333
66,17,384,6,D4 Female,medicine,0.8266666666666668
67,3,48,1,D1 Male,water,0.5
67,5,96,1,D1 Male,water,0.5
67,5,96,15,D8 Male,medicine,0.41333333333333333
67,6,120,20,D11 Female,water,0.375
67,6,120,23,D12 Male,water,0.375
67,7,144,21,D11 Male,medicine,0.5383333333333333
67,9,192,4,D3 Female,water,0.24666666666666665
67,10,216,20,D11 Female,water,0.455
67,11,240,7,D4 Male,medicine,0.6216666666666667
67,13,288,7,D4 Male,water,0.6216666666666667
67,13,288,17,D9 Male,medicine,0.4966666666666667
67,19,432,0,D1 Female,water,0.66
68,3,48,17,D9 Male,water,0.4166666666666667
68,10,216,1,D1 Male,medicine,0.6633333333333332
69,3,48,8,D5 Female,water,0.375
69,3,48,23,D12 Male,water,0.455
69,5,96,9,D5 Male,water,0.375
69,8,168,1,D1 Male,water,0.5
69,11,240,0,D1 Female,water,0.705
70,3,48,10,D6 Female,water,0.25
70,4,72,1,D1 Male,water,0.41666666666666663
70,4,72,11,D6 Male,medicine,0.455
70,6,120,2,D2 Female,medicine,0.58
70,8,168,1,D1 Male,medicine,0.49666666666666665
70,10,216,7,D4 Male,medicine,0.7083333333333333
70,10,216,11,D6 Male,water,0.455
70,10,216,13,D7 Male,water,0.25
70,11,240,8,D5 Female,medicine,0.5316666666666667
70,11,240,12,D7 Female,medicine,0.2916666666666667
70,12,264,8,D5 Female,water,0.5416666666666667
71,3,48,3,D2 Male,water,0.75
71,3,48,6,D4 Female,water,0.45833333333333337
71,3,48,13,D7 Male,water,0.58
71,4,72,19,D10 Male,water,0.20833333333333334
71,5,96,3,D2 Male,water,0.83
71,6,120,10,D6 Female,medicine,0.3333333333333333
71,7,144,6,D4 Female,medicine,0.45833333333333337
71,17,384,19,D10 Male,water,0.36833333333333335
72,3,48,4,D3 Female,water,0.455
72,3,48,5,D3 Male,water,0.2916666666666667
72,3,48,17,D9 Male,water,0.2916666666666667
72,4,72,20,D11 Female,medicine,0.16666666666666666
72,6,120,23,D12 Male,medicine,0.4966666666666667
72,9,192,20,D11 Female,medicine,0.24666666666666665
73,3,48,5,D3 Male,water,0.41333333333333333
73,3,48,6,D4 Female,water,0.45833333333333337
73,3,48,17,D9 Male,water,0.20833333333333334
73,5,96,6,D4 Female,water,0.45833333333333337
73,6,120,1,D1 Male,water,0.5
73,8,168,16,D9 Female,water,0.455
73,12,264,11,D6 Male,water,0.36833333333333335
73,15,336,17,D9 Male,medicine,0.36833333333333335
74,3,48,0,D1 Female,water,0.375
74,3,48,16,D9 Female,medicine,0.3333333333333333
74,3,48,20,D11 Female,water,0.5
74,5,96,2,D2 Female,medicine,0.705
74,5,96,14,D8 Female,medicine,0.41333333333333333
74,5,96,20,D11 Female,water,0.58
74,7,144,2,D2 Female,medicine,0.705
74,8,168,2,D2 Female,water,0.705
74,8,168,10,D6 Female,medicine,0.41333333333333333
74,12,264,19,D10 Male,water,0.2916666666666667
75,4,72,17,D9 Male,water,0.3333333333333333
75,6,120,7,D4 Male,medicine,0.785
75,7,144,5,D3 Male,medicine,0.4933333333333333
75,8,168,7,D4 Male,water,0.785
75,11,240,5,D3 Male,medicine,0.4933333333333333
75,11,240,13,D7 Male,water,0.455
75,12,264,5,D3 Male,medicine,0.4933333333333333
76,3,48,13,D7 Male,medicine,0.25
76,4,72,18,D10 Female,medicine,0.375
76,4,72,21,D11 Male,medicine,0.4966666666666667
76,5,96,2,D2 Female,medicine,0.7883333333333332
76,5,96,14,D8 Female,medicine,0.25
76,6,120,2,D2 Female,water,0.7883333333333332
76,6,120,3,D2 Male,medicine,0.7883333333333332
76,7,144,14,D8 Female,medicine,0.25
76,8,168,3,D2 Male,medicine,0.8683333333333333
76,13,288,11,D6 Male,water,0.375
76,13,288,16,D9 Female,water,0.4166666666666667
76,14,312,3,D2 Male,water,0.8683333333333333
76,15,336,16,D9 Female,water,0.4166666666666667
77,3,48,16,D9 Female,water,0.4166666666666667
77,3,48,21,D11 Male,water,0.25
77,4,72,3,D2 Male,water,0.75
77,4,72,20,D11 Female,medicine,0.4583333333333333
77,5,96,13,D7 Male,medicine,0.33
77,5,96,20,D11 Female,medicine,0.4583333333333333
77,8,168,20,D11 Female,water,0.5383333333333333
77,9,192,22,D12 Female,medicine,0.4966666666666667
78,3,48,1,D1 Male,water,0.5416666666666667
78,3,48,9,D5 Male,water,0.375
78,7,144,15,D8 Male,water,0.16666666666666666
78,11,240,19,D10 Male,medicine,0.66
78,12,264,7,D4 Male,water,0.5833333333333333
78,12,264,22,D12 Female,medicine,0.375
78,19,432,23,D12 Male,water,0.6666666666666667
79,3,48,14,D8 Female,water,0.375
79,5,96,21,D11 Male,water,0.4583333333333333
79,10,216,19,D10 Male,medicine,0.20500000000000002
79,11,240,17,D9 Male,water,0.41333333333333333
79,16,360,3,D2 Male,medicine,0.625
79,19,432,21,D11 Male,water,0.6983333333333333
80,3,48,0,D1 Female,water,0.6633333333333332
80,3,48,16,D9 Female,water,0.08333333333333333
80,4,72,17,D9 Male,water,0.2916666666666667
80,8,168,7,D4 Male,water,0.5416666666666667
80,9,192,14,D8 Female,water,0.41666666666666663
80,12,264,0,D1 Female,water,0.6633333333333332
80,13,288,14,D8 Female,medicine,0.41666666666666663
80,16,360,0,D1 Female,medicine,0.6633333333333332
81,3,48,1,D1 Male,water,0.5416666666666667
81,3,48,10,D6 Female,water,0.375
81,3,48,20,D11 Female,water,0.4166666666666667
81,4,72,6,D4 Female,water,0.49666666666666665
81,9,192,8,D5 Female,water,0.20833333333333334
81,9,192,14,D8 Female,medicine,0.41333333333333333
81,16,360,16,D9 Female,water,0.535
81,17,384,1,D1 Male,medicine,0.6216666666666667
81,19,432,16,D9 Female,water,0.535
82,3,48,12,D7 Female,medicine,0.25
82,3,48,16,D9 Female,medicine,0.375
82,5,96,2,D2 Female,water,0.6633333333333332
82,8,168,23,D12 Male,water,0.2916666666666667
82,12,264,15,D8 Male,medicine,0.4966666666666667
82,13,288,15,D8 Male,medicine,0.4966666666666667
83,3,48,11,D6 Male,water,0.2916666666666667
83,5,96,4,D3 Female,water,0.58
83,14,312,1,D1 Male,water,0.41666666666666663
84,3,48,10,D6 Female,water,0.2916666666666667
84,4,72,6,D4 Female,medicine,0.5416666666666667
84,5,96,21,D11 Male,medicine,0.3716666666666667
84,7,144,16,D9 Female,water,0.33
84,8,168,9,D5 Male,water,0.6983333333333333
85,9,192,3,D2 Male,water,0.625
85,16,360,21,D11 Male,water,0.5733333333333333
85,16,360,23,D12 Male,water,0.455
85,18,408,21,D11 Male,medicine,0.5833333333333333
86,3,48,2,D2 Female,medicine,0.58
86,7,144,1,D1 Male,water,0.705
86,9,192,7,D4 Male,water,0.5383333333333333
86,9,192,22,D12 Female,water,0.375
87,3,48,0,D1 Female,water,0.5833333333333333
87,4,72,23,D12 Male,water,0.125
87,5,96,1,D1 Male,medicine,0.7466666666666667
87,5,96,19,D10 Male,water,0.28833333333333333
87,12,264,14,D8 Female,water,0.5383333333333333
87,13,288,17,D9 Male,medicine,0.20833333333333334
87,15,336,14,D8 Female,water,0.6183333333333333
87,16,360,21,D11 Male,medicine,0.16333333333333333
87,18,408,14,D8 Female,water,0.6183333333333333
88,3,48,6,D4 Female,water,0.41666666666666663
88,4,72,15,D8 Male,medicine,0.12166666666666667
88,9,192,2,D2 Female,water,0.3333333333333333
88,10,216,13,D7 Male,medicine,0.41333333333333333
88,10,216,14,D8 Female,water,0.375
88,11,240,19,D10 Male,medicine,0.2916666666666667
88,19,432,6,D4 Female,water,0.5766666666666667
89,3,48,0,D1 Female,water,0.5416666666666667
89,3,48,14,D8 Female,water,0.25
89,4,72,14,D8 Female,medicine,0.25
89,4,72,15,D8 Male,medicine,0.33
89,4,72,16,D9 Female,water,0.25
89,5,96,23,D12 Male,medicine,0.3716666666666667
89,6,120,13,D7 Male,water,0.28833333333333333
89,7,144,17,D9 Male,medicine,0.33
89,15,336,6,D4 Female,medicine,0.7816666666666667
90,3,48,6,D4 Female,water,0.6666666666666667
90,3,48,14,D8 Female,water,0.25
90,6,120,5,D3 Male,water,0.33
90,7,144,17,D9 Male,water,0.24666666666666665
90,9,192,13,D7 Male,medicine,0.33
90,14,312,16,D9 Female,medicine,0.5
90,15,336,13,D7 Male,medicine,0.41000000000000003
90,15,336,16,D9 Female,water,0.5
90,16,360,3,D2 Male,water,0.5416666666666667
90,18,408,21,D11 Male,water,0.535
91,3,48,18,D10 Female,water,0.2916666666666667
91,6,120,1,D1 Male,water,0.6633333333333332
91,10,216,5,D3 Male,medicine,0.535
91,10,216,16,D9 Female,water,0.5733333333333333
91,13,288,5,D3 Male,water,0.535
91,15,336,6,D4 Female,medicine,0.535
92,3,48,9,D5 Male,water,0.3333333333333333
92,3,48,11,D6 Male,water,0.2916666666666667
92,3,48,21,D11 Male,water,0.16666666666666666
92,6,120,16,D9 Female,medicine,0.375
92,10,216,0,D1 Female,medicine,0.785
92,11,240,3,D2 Male,water,0.6666666666666667
92,11,240,7,D4 Male,medicine,0.58
92,15,336,7,D4 Male,medicine,0.58
92,16,360,13,D7 Male,water,0.33
93,3,48,5,D3 Male,water,0.25
93,3,48,17,D9 Male,water,0.125
93,4,72,7,D4 Male,water,0.6666666666666667
93,4,72,12,D7 Female,medicine,0.455
93,11,240,10,D6 Female,water,0.25
93,13,288,16,D9 Female,water,0.615
94,3,48,1,D1 Male,water,0.625
94,3,48,16,D9 Female,water,0.125
94,4,72,13,D7 Male,medicine,0.41333333333333333
94,6,120,0,D1 Female,water,0.6633333333333332
94,6,120,12,D7 Female,water,0.3333333333333333
95,3,48,11,D6 Male,water,0.25
95,4,72,23,D12 Male,water,0.4966666666666667
95,5,96,3,D2 Male,medicine,0.7466666666666667
95,9,192,7,D4 Male,medicine,0.8266666666666668
95,10,216,3,D2 Male,medicine,0.7466666666666667
95,11,240,3,D2 Male,medicine,0.7466666666666667
95,11,240,22,D12 Female,medicine,0.20833333333333334
95,13,288,1,D1 Male,water,0.5416666666666667
95,14,312,11,D6 Male,water,0.33
95,14,312,12,D7 Female,medicine,0.66
95,15,336,12,D7 Female,medicine,0.66
95,16,360,12,D7 Female,water,0.66
95,17,384,11,D6 Male,medicine,0.49
96,3,48,15,D8 Male,water,0.125
96,3,48,17,D9 Male,medicine,0.4583333333333333
96,4,72,6,D4 Female,water,0.5833333333333333
96,4,72,13,D7 Male,water,0.375
96,4,72,20,D11 Female,medicine,0.25
96,6,120,5,D3 Male,medicine,0.2916666666666667
96,10,216,2,D2 Female,water,0.45833333333333337
96,10,216,3,D2 Male,water,0.6666666666666667
96,14,312,17,D9 Male,medicine,0.6183333333333333
97,3,48,7,D4 Male,water,0.5833333333333333
97,3,48,9,D5 Male,water,0.375
97,3,48,18,D10 Female,water,0.5
97,4,72,3,D2 Male,water,0.7083333333333333
97,5,96,9,D5 Male,water,0.455
97,17,384,9,D5 Male,medicine,0.535
98,4,72,8,D5 Female,medicine,0.3716666666666667
98,5,96,1,D1 Male,medicine,0.83
98,6,120,0,D1 Female,water,0.83
98,7,144,12,D7 Female,medicine,0.58
98,8,168,5,D3 Male,medicine,0.4966666666666667
98,8,168,21,D11 Male,water,0.25
98,14,312,12,D7 Female,medicine,0.66
98,19,432,12,D7 Female,medicine,0.75
99,3,48,3,D2 Male,water,0.5833333333333333
99,3,48,9,D5 Male,water,0.20833333333333334
99,5,96,3,D2 Male,water,0.6633333333333332
99,7,144,19,D10 Male,medicine,0.20500000000000002
99,11,240,2,D2 Female,medicine,0.58
99,13,288,5,D3 Male,medicine,0.4933333333333333
100,5,96,14,D8 Female,medicine,0.3333333333333333
100,5,96,18,D10 Female,medicine,0.33
100,6,120,17,D9 Male,water,0.33
100,6,120,18,D10 Female,water,0.33
100,7,144,0,D1 Female,water,0.625
100,9,192,0,D1 Female,medicine,0.705
100,10,216,6,D4 Female,water,0.455
100,14,312,6,D4 Female,water,0.455
100,14,312,10,D6 Female,water,0.4966666666666667
100,15,336,6,D4 Female,medicine,0.535
101,3,48,15,D8 Male,water,0.20500000000000002
101,12,264,8,D5 Female,medicine,0.455
101,12,264,12,D7 Female,water,0.3333333333333333
101,14,312,14,D8 Female,medicine,0.45166666666666666
101,20,456,11,D6 Male,water,0.5733333333333333
102,3,48,1,D1 Male,water,0.45833333333333337
102,3,48,3,D2 Male,water,0.5833333333333333
102,4,72,18,D10 Female,water,0.2916666666666667
102,6,120,10,D6 Female,medicine,0.33
102,7,144,4,D3 Female,water,0.3333333333333333
102,8,168,17,D9 Male,medicine,0.375
102,9,192,10,D6 Female,water,0.33
102,17,384,9,D5 Male,water,0.4166666666666667
103,3,48,0,D1 Female,medicine,0.49666666666666665
103,3,48,1,D1 Male,water,0.6666666666666667
103,3,48,3,D2 Male,water,0.625
103,3,48,20,D11 Female,water,0.4583333333333333
103,4,72,7,D4 Male,water,0.5833333333333333
103,4,72,21,D11 Male,medicine,0.28833333333333333
103,5,96,8,D5 Female,medicine,0.24666666666666665
103,6,120,18,D10 Female,medicine,0.25
103,8,168,21,D11 Male,medicine,0.28833333333333333
104,3,48,11,D6 Male,water,0.375
104,7,144,7,D4 Male,water,0.6633333333333332
104,7,144,10,D6 Female,medicine,0.20833333333333334
104,8,168,11,D6 Male,medicine,0.375
104,9,192,9,D5 Male,medicine,0.625
104,9,192,12,D7 Female,medicine,0.20833333333333334
104,10,216,20,D11 Female,medicine,0.4166666666666667
104,13,288,10,D6 Female,water,0.36833333333333335
104,16,360,9,D5 Male,medicine,0.625
104,17,384,10,D6 Female,medicine,0.36833333333333335
105,3,48,1,D1 Male,water,0.5416666666666667
105,3,48,8,D5 Female,medicine,0.4966666666666667
105,4,72,12,D7 Female,water,0.375
105,5,96,1,D1 Male,water,0.5416666666666667
105,5,96,14,D8 Female,medicine,0.4583333333333333
105,7,144,1,D1 Male,water,0.5416666666666667
105,7,144,22,D12 Female,water,0.20833333333333334
105,8,168,9,D5 Male,water,0.25
105,9,192,15,D8 Male,medicine,0.4166666666666667
105,10,216,11,D6 Male,medicine,0.4933333333333333
105,12,264,11,D6 Male,medicine,0.4933333333333333
105,15,336,18,D10 Female,medicine,0.455
106,3,48,2,D2 Female,water,0.75
106,3,48,11,D6 Male,water,0.4583333333333333
106,3,48,20,D11 Female,medicine,0.125
106,3,48,22,D12 Female,water,0.4583333333333333
106,5,96,4,D3 Female,medicine,0.25
106,5,96,11,D6 Male,water,0.4583333333333333
106,6,120,15,D8 Male,water,0.33
106,7,144,3,D2 Male,water,0.6633333333333332
106,11,240,8,D5 Female,medicine,0.375
106,12,264,0,D1 Female,water,0.7466666666666667
106,12,264,17,D9 Male,medicine,0.615
106,13,288,3,D2 Male,water,0.8233333333333333
106,14,312,3,D2 Male,water,0.8233333333333333
106,21,480,0,D1 Female,water,0.8266666666666668
107,3,48,0,D1 Female,water,0.5833333333333333
107,3,48,7,D4 Male,water,0.75
107,3,48,21,D11 Male,water,0.20833333333333334
107,5,96,7,D4 Male,water,0.75
107,8,168,5,D3 Male,medicine,0.08333333333333333
107,13,288,16,D9 Female,water,0.41000000000000003
107,20,456,22,D12 Female,medicine,0.6666666666666667
108,3,48,10,D6 Female,water,0.2916666666666667
108,4,72,5,D3 Male,water,0.20833333333333334
108,4,72,21,D11 Male,water,0.20833333333333334
108,6,120,14,D8 Female,medicine,0.455
108,10,216,23,D12 Male,water,0.3333333333333333
108,12,264,1,D1 Male,water,0.2916666666666667
109,3,48,8,D5 Female,water,0.375
109,3,48,15,D8 Male,water,0.25
109,4,72,21,D11 Male,water,0.375
110,3,48,3,D2 Male,water,0.75
110,4,72,0,D1 Female,water,0.375
111,3,48,0,D1 Female,water,0.45833333333333337
111,3,48,1,D1 Male,water,0.5833333333333333
111,3,48,6,D4 Female,water,0.5
111,3,48,16,D9 Female,medicine,0.28833333333333333
111,5,96,6,D4 Female,water,0.5
111,8,168,14,D8 Female,medicine,0.25
112,3,48,2,D2 Female,water,0.625
112,3,48,5,D3 Male,water,0.25
112,3,48,12,D7 Female,water,0.2916666666666667
112,5,96,11,D6 Male,medicine,0.41333333333333333
112,6,120,10,D6 Female,water,0.41333333333333333
112,7,144,22,D12 Female,medicine,0.58
112,13,288,22,D12 Female,water,0.58
112,15,336,22,D12 Female,water,0.58
113,3,48,16,D9 Female,water,0.375
113,5,96,11,D6 Male,medicine,0.41000000000000003
113,5,96,16,D9 Female,water,0.375
113,6,120,2,D2 Female,medicine,0.625
113,6,120,20,D11 Female,water,0.25
113,8,168,20,D11 Female,water,0.25
114,3,48,0,D1 Female,water,0.5
114,3,48,1,D1 Male,water,0.45833333333333337
114,3,48,3,D2 Male,water,0.58
114,3,48,7,D4 Male,water,0.5833333333333333
114,4,72,22,D12 Female,medicine,0.455
114,5,96,3,D2 Male,water,0.66
114,6,120,1,D1 Male,medicine,0.45833333333333337
114,6,120,6,D4 Female,water,0.5
114,6,120,15,D8 Male,medicine,0.58
114,6,120,17,D9 Male,water,0.28833333333333333
114,6,120,21,D11 Male,medicine,0.375
114,8,168,16,D9 Female,medicine,0.24666666666666665
115,4,72,2,D2 Female,medicine,0.58
115,5,96,3,D2 Male,medicine,0.7016666666666668
115,5,96,7,D4 Male,water,0.7433333333333333
115,6,120,3,D2 Male,water,0.7016666666666668
115,10,216,14,D8 Female,medicine,0.5766666666666667
115,11,240,14,D8 Female,medicine,0.5766666666666667
115,13,288,14,D8 Female,water,0.5766666666666667
115,14,312,8,D5 Female,medicine,0.4166666666666667
115,17,384,3,D2 Male,medicine,0.7016666666666668
115,17,384,17,D9 Male,water,0.28833333333333333
116,3,48,0,D1 Female,medicine,0.41666666666666663
116,3,48,6,D4 Female,water,0.5416666666666667
116,3,48,16,D9 Female,water,0.20833333333333334
116,4,72,1,D1 Male,water,0.5
117,3,48,2,D2 Female,water,0.45833333333333337
117,3,48,5,D3 Male,water,0.375
117,5,96,6,D4 Female,water,0.5383333333333333
117,5,96,7,D4 Male,water,0.75
117,7,144,4,D3 Female,medicine,0.4583333333333333
117,7,144,10,D6 Female,water,0.4966666666666667
117,9,192,6,D4 Female,medicine,0.6183333333333334
117,9,192,7,D4 Male,water,0.91
117,9,192,13,D7 Male,water,0.5
117,9,192,20,D11 Female,water,0.3333333333333333
117,10,216,9,D5 Male,medicine,0.455
117,12,264,9,D5 Male,medicine,0.455
117,16,360,6,D4 Female,water,0.6183333333333334
117,17,384,22,D12 Female,water,0.6983333333333333
118,3,48,4,D3 Female,water,0.20833333333333334
118,3,48,6,D4 Female,medicine,0.6216666666666667
118,3,48,10,D6 Female,water,0.3333333333333333
118,3,48,21,D11 Male,water,0.4583333333333333
118,5,96,5,D3 Male,water,0.4966666666666667
118,7,144,23,D12 Male,water,0.4583333333333333
118,8,168,21,D11 Male,water,0.6983333333333333
118,9,192,3,D2 Male,medicine,0.5833333333333333
118,9,192,22,D12 Female,water,0.58
118,10,216,3,D2 Male,medicine,0.5833333333333333
118,14,312,22,D12 Female,water,0.74
118,15,336,5,D3 Male,water,0.6566666666666667
118,16,360,22,D12 Female,medicine,0.74
119,3,48,12,D7 Female,water,0.455
119,3,48,15,D8 Male,medicine,0.4966666666666667
119,4,72,23,D12 Male,medicine,0.28833333333333333
119,7,144,2,D2 Female,water,0.785
120,3,48,2,D2 Female,water,0.5416666666666667
120,3,48,19,D10 Male,water,0.4966666666666667
120,3,48,21,D11 Male,water,0.375
120,3,48,23,D12 Male,water,0.25
120,5,96,16,D9 Female,medicine,0.375
120,6,120,21,D11 Male,medicine,0.455
120,7,144,7,D4 Male,medicine,0.5833333333333333
120,9,192,18,D10 Female,medicine,0.58
120,13,288,5,D3 Male,water,0.4966666666666667
121,8,168,7,D4 Male,medicine,0.6216666666666667
121,11,240,20,D11 Female,water,0.5383333333333333
122,3,48,3,D2 Male,water,0.5416666666666667
122,3,48,9,D5 Male,water,0.33
122,3,48,21,D11 Male,water,0.3333333333333333
122,4,72,7,D4 Male,medicine,0.6666666666666667
122,11,240,12,D7 Female,water,0.4933333333333333
122,14,312,22,D12 Female,medicine,0.4066666666666666
122,15,336,22,D12 Female,medicine,0.41666666666666663
122,16,360,22,D12 Female,medicine,0.41666666666666663
123,3,48,14,D8 Female,medicine,0.20833333333333334
123,5,96,11,D6 Male,medicine,0.3333333333333333
123,5,96,20,D11 Female,medicine,0.535
123,6,120,8,D5 Female,medicine,0.3716666666666667
123,6,120,12,D7 Female,water,0.2916666666666667
123,10,216,21,D11 Male,water,0.455
123,11,240,20,D11 Female,water,0.535
123,12,264,19,D10 Male,medicine,0.41333333333333333
123,13,288,3,D2 Male,water,0.58
123,16,360,19,D10 Male,medicine,0.4933333333333333
123,21,480,16,D9 Female,medicine,0.4966666666666667
124,3,48,3,D2 Male,water,0.5
124,3,48,6,D4 Female,water,0.5
124,5,96,1,D1 Male,medicine,0.7466666666666667
124,5,96,17,D9 Male,water,0.5
124,8,168,3,D2 Male,medicine,0.66
124,9,192,0,D1 Female,medicine,0.6633333333333332
124,10,216,2,D2 Female,water,0.785
124,11,240,11,D6 Male,medicine,0.08333333333333333
124,12,264,11,D6 Male,medicine,0.08333333333333333
124,18,408,7,D4 Male,medicine,0.6566666666666666
125,3,48,4,D3 Female,water,0.25
125,4,72,16,D9 Female,medicine,0.3333333333333333
125,11,240,3,D2 Male,water,0.705
126,3,48,15,D8 Male,medicine,0.16333333333333333
126,3,48,18,D10 Female,water,0.16666666666666666
126,3,48,22,D12 Female,water,0.4166666666666667
126,4,72,7,D4 Male,medicine,0.375
126,5,96,16,D9 Female,water,0.16333333333333333
126,11,240,1,D1 Male,water,0.75
126,11,240,20,D11 Female,medicine,0.33
127,3,48,1,D1 Male,water,0.6666666666666667
127,3,48,9,D5 Male,water,0.25
127,5,96,7,D4 Male,water,0.45833333333333337
127,5,96,13,D7 Male,water,0.33
127,5,96,20,D11 Female,water,0.20833333333333334
127,6,120,14,D8 Female,medicine,0.25
127,7,144,20,D11 Female,medicine,0.28833333333333333
127,9,192,20,D11 Female,medicine,0.28833333333333333
127,12,264,2,D2 Female,water,0.455
127,14,312,2,D2 Female,water,0.455
128,3,48,2,D2 Female,water,0.41666666666666663
128,9,192,12,D7 Female,water,0.6183333333333333
129,3,48,4,D3 Female,water,0.4166666666666667
129,3,48,6,D4 Female,water,0.41666666666666663
129,3,48,16,D9 Female,water,0.4166666666666667
129,3,48,22,D12 Female,water,0.375
129,5,96,4,D3 Female,water,0.4166666666666667
129,5,96,16,D9 Female,water,0.4166666666666667
129,5,96,18,D10 Female,water,0.3333333333333333
129,7,144,7,D4 Male,medicine,0.5766666666666667
129,10,216,17,D9 Male,medicine,0.16666666666666666
130,3,48,2,D2 Female,medicine,0.6666666666666667
130,3,48,6,D4 Female,water,0.41666666666666663
130,3,48,21,D11 Male,medicine,0.455
130,4,72,5,D3 Male,medicine,0.41333333333333333
130,4,72,8,D5 Female,water,0.20833333333333334
130,6,120,5,D3 Male,medicine,0.41333333333333333
130,6,120,15,D8 Male,medicine,0.20500000000000002
130,6,120,23,D12 Male,water,0.5
130,7,144,5,D3 Male,water,0.41333333333333333
130,11,240,23,D12 Male,medicine,0.58
130,18,408,6,D4 Female,water,0.41666666666666663
131,3,48,13,D7 Male,water,0.25
131,3,48,21,D11 Male,water,0.2916666666666667
131,6,120,15,D8 Male,water,0.2916666666666667
131,7,144,12,D7 Female,medicine,0.33
131,12,264,17,D9 Male,water,0.2916666666666667
132,3,48,6,D4 Female,water,0.5833333333333333
132,3,48,9,D5 Male,water,0.2916666666666667
132,5,96,6,D4 Female,water,0.5833333333333333
132,6,120,0,D1 Female,medicine,0.5416666666666667
132,6,120,7,D4 Male,medicine,0.58
133,3,48,4,D3 Female,water,0.4166666666666667
133,3,48,8,D5 Female,water,0.20833333333333334
133,5,96,14,D8 Female,medicine,0.41333333333333333
133,13,288,2,D2 Female,water,0.625
133,15,336,22,D12 Female,water,0.625
133,16,360,6,D4 Female,medicine,0.6183333333333334
133,18,408,22,D12 Female,water,0.625
134,3,48,0,D1 Female,water,0.2916666666666667
134,3,48,7,D4 Male,water,0.5
134,3,48,18,D10 Female,water,0.125
134,3,48,20,D11 Female,water,0.4583333333333333
134,6,120,17,D9 Male,water,0.25
134,7,144,8,D5 Female,medicine,0.45166666666666666
134,7,144,20,D11 Female,water,0.4583333333333333
134,8,168,1,D1 Male,water,0.6633333333333332
134,10,216,1,D1 Male,medicine,0.6633333333333332
134,10,216,23,D12 Male,water,0.33
134,13,288,0,D1 Female,water,0.2916666666666667
134,19,432,20,D11 Female,medicine,0.6983333333333333
135,3,48,10,D6 Female,water,0.16666666666666666
135,13,288,23,D12 Male,medicine,0.41000000000000003
135,16,360,18,D10 Female,medicine,0.5
136,3,48,1,D1 Male,water,0.625
136,3,48,12,D7 Female,water,0.375
136,3,48,15,D8 Male,water,0.3333333333333333
136,5,96,1,D1 Male,medicine,0.625
136,5,96,16,D9 Female,medicine,0.41333333333333333
136,8,168,8,D5 Female,water,0.4166666666666667
136,9,192,15,D8 Male,water,0.3333333333333333
136,11,240,7,D4 Male,water,0.6666666666666667
136,11,240,15,D8 Male,medicine,0.41333333333333333
136,13,288,7,D4 Male,medicine,0.6666666666666667
136,16,360,19,D10 Male,water,0.20500000000000002
137,3,48,1,D1 Male,water,0.41666666666666663
137,3,48,10,D6 Female,water,0.375
137,3,48,14,D8 Female,water,0.5
137,3,48,19,D10 Male,water,0.3333333333333333
137,4,72,1,D1 Male,medicine,0.41666666666666663
137,6,120,4,D3 Female,medicine,0.6183333333333333
137,6,120,16,D9 Female,water,0.125
137,7,144,8,D5 Female,water,0.25
137,7,144,15,D8 Male,medicine,0.41333333333333333
137,8,168,19,D10 Male,water,0.41333333333333333
137,12,264,14,D8 Female,medicine,0.58
138,3,48,6,D4 Female,medicine,0.6216666666666667
138,3,48,7,D4 Male,water,0.6666666666666667
138,5,96,21,D11 Male,medicine,0.455
138,8,168,21,D11 Male,medicine,0.455
138,9,192,15,D8 Male,water,0.375
139,3,48,0,D1 Female,water,0.6666666666666667
139,4,72,19,D10 Male,water,0.41333333333333333
139,5,96,0,D1 Female,water,0.6666666666666667
139,9,192,22,D12 Female,medicine,0.535
139,10,216,18,D10 Female,medicine,0.28833333333333333
139,11,240,0,D1 Female,water,0.8266666666666668
139,15,336,5,D3 Male,water,0.41333333333333333
140,3,48,16,D9 Female,water,0.25
140,4,72,1,D1 Male,water,0.45833333333333337
140,10,216,17,D9 Male,water,0.455
140,11,240,17,D9 Male,medicine,0.455
140,13,288,4,D3 Female,medicine,0.28833333333333333
141,3,48,1,D1 Male,water,0.75
141,3,48,17,D9 Male,water,0.3333333333333333
141,3,48,23,D12 Male,water,0.28833333333333333
141,4,72,11,D6 Male,medicine,0.16333333333333333
141,5,96,15,D8 Male,water,0.2916666666666667
141,5,96,23,D12 Male,water,0.28833333333333333
141,6,120,0,D1 Female,water,0.6666666666666667
141,6,120,10,D6 Female,water,0.4966666666666667
141,8,168,17,D9 Male,medicine,0.41333333333333333
141,16,360,0,D1 Female,water,0.8266666666666668
142,3,48,19,D10 Male,water,0.4583333333333333
142,4,72,13,D7 Male,water,0.5
142,5,96,23,D12 Male,medicine,0.3716666666666667
142,6,120,11,D6 Male,medicine,0.25
142,18,408,0,D1 Female,medicine,0.615
143,3,48,7,D4 Male,water,0.45833333333333337
143,5,96,3,D2 Male,water,0.625
143,6,120,11,D6 Male,medicine,0.16666666666666666
143,9,192,0,D1 Female,water,0.5833333333333333
143,10,216,14,D8 Female,medicine,0.41333333333333333
143,11,240,16,D9 Female,water,0.455
143,12,264,11,D6 Male,medicine,0.24666666666666665
143,13,288,4,D3 Female,water,0.25
143,16,360,3,D2 Male,water,0.625
143,16,360,16,D9 Female,medicine,0.615
143,17,384,11,D6 Male,medicine,0.24666666666666665
144,3,48,0,D1 Female,water,0.6666666666666667
144,4,72,15,D8 Male,water,0.20833333333333334
144,5,96,16,D9 Female,medicine,0.28833333333333333
144,17,384,21,D11 Male,medicine,0.24666666666666665
145,4,72,16,D9 Female,medicine,0.4166666666666667
145,5,96,8,D5 Female,medicine,0.455
145,6,120,0,D1 Female,medicine,0.705
145,6,120,3,D2 Male,water,0.5383333333333333
145,6,120,14,D8 Female,medicine,0.20833333333333334
145,6,120,23,D12 Male,medicine,0.125
145,7,144,0,D1 Female,medicine,0.705
145,7,144,2,D2 Female,medicine,0.8683333333333333
145,9,192,0,D1 Female,water,0.705
145,10,216,3,D2 Male,medicine,0.5383333333333333
145,12,264,4,D3 Female,medicine,0.455
145,18,408,0,D1 Female,water,0.865
146,3,48,18,D10 Female,medicine,0.2916666666666667
146,3,48,19,D10 Male,water,0.20833333333333334
146,3,48,23,D12 Male,water,0.4166666666666667
146,6,120,12,D7 Female,water,0.3333333333333333
146,11,240,5,D3 Male,water,0.4933333333333333
147,3,48,6,D4 Female,water,0.45833333333333337
147,6,120,2,D2 Female,water,0.7883333333333332
147,6,120,12,D7 Female,medicine,0.2916666666666667
147,11,240,22,D12 Female,medicine,0.20833333333333334
148,3,48,14,D8 Female,water,0.375
148,4,72,14,D8 Female,medicine,0.375
148,5,96,14,D8 Female,medicine,0.455
148,6,120,3,D2 Male,water,0.5833333333333333
148,10,216,22,D12 Female,medicine,0.455
148,16,360,5,D3 Male,medicine,0.45166666666666666
149,4,72,6,D4 Female,medicine,0.625
149,4,72,18,D10 Female,water,0.2916666666666667
149,7,144,18,D10 Female,medicine,0.2916666666666667
149,7,144,21,D11 Male,water,0.3333333333333333
149,10,216,13,D7 Male,water,0.375
149,12,264,12,D7 Female,medicine,0.3716666666666667
149,13,288,11,D6 Male,water,0.5766666666666667
149,17,384,12,D7 Female,medicine,0.3716666666666667
150,3,48,17,D9 Male,water,0.3333333333333333
150,4,72,8,D5 Female,water,0.3333333333333333
150,6,120,0,D1 Female,water,0.2916666666666667
150,6,120,7,D4 Male,medicine,0.5
150,6,120,23,D12 Male,water,0.3333333333333333
150,15,336,8,D5 Female,medicine,0.4933333333333333
151,3,48,9,D5 Male,water,0.25
151,7,144,13,D7 Male,water,0.3333333333333333
151,11,240,18,D10 Female,water,0.58
151,15,336,11,D6 Male,medicine,0.20833333333333334
152,3,48,3,D2 Male,water,0.5416666666666667
152,7,144,12,D7 Female,medicine,0.615
152,8,168,12,D7 Female,medicine,0.615
152,11,240,9,D5 Male,water,0.4966666666666667
152,18,408,12,D7 Female,medicine,0.625
153,3,48,0,D1 Female,water,0.45833333333333337
153,6,120,10,D6 Female,water,0.20833333333333334
153,8,168,6,D4 Female,medicine,0.58
153,8,168,23,D12 Male,water,0.455
153,11,240,0,D1 Female,medicine,0.5383333333333333
153,13,288,0,D1 Female,medicine,0.5383333333333333
153,13,288,11,D6 Male,water,0.375
154,3,48,7,D4 Male,medicine,0.7466666666666667
154,3,48,12,D7 Female,water,0.20833333333333334
154,4,72,3,D2 Male,medicine,0.45833333333333337
154,5,96,0,D1 Female,water,0.5833333333333333
154,9,192,18,D10 Female,medicine,0.28833333333333333
154,14,312,0,D1 Female,water,0.6633333333333332
155,3,48,3,D2 Male,water,0.41666666666666663
155,3,48,8,D5 Female,medicine,0.2916666666666667
155,5,96,11,D6 Male,water,0.4166666666666667
155,5,96,18,D10 Female,medicine,0.20833333333333334
155,9,192,11,D6 Male,water,0.4966666666666667
155,9,192,23,D12 Male,water,0.3333333333333333
155,12,264,19,D10 Male,water,0.25
155,15,336,23,D12 Male,medicine,0.5733333333333333
155,17,384,23,D12 Male,water,0.5733333333333333
156,3,48,13,D7 Male,water,0.4166666666666667
156,3,48,16,D9 Female,water,0.20833333333333334
156,3,48,19,D10 Male,water,0.4166666666666667
156,3,48,23,D12 Male,water,0.3333333333333333
156,5,96,19,D10 Male,water,0.4166666666666667
156,6,120,7,D4 Male,water,0.705
156,6,120,12,D7 Female,medicine,0.3333333333333333
156,7,144,2,D2 Female,medicine,0.49666666666666665
156,7,144,3,D2 Male,medicine,0.5833333333333333
156,11,240,0,D1 Female,medicine,0.58
156,15,336,7,D4 Male,water,0.785
157,3,48,6,D4 Female,water,0.6666666666666667
157,6,120,1,D1 Male,medicine,0.45833333333333337
157,11,240,11,D6 Male,water,0.20833333333333334
157,13,288,6,D4 Female,medicine,0.6666666666666667
157,16,360,3,D2 Male,medicine,0.66
157,18,408,3,D2 Male,water,0.66
157,20,456,3,D2 Male,water,0.66
158,3,48,7,D4 Male,water,0.5416666666666667
158,3,48,18,D10 Female,water,0.3333333333333333
158,4,72,5,D3 Male,medicine,0.41333333333333333
158,8,168,0,D1 Female,water,0.5
158,11,240,17,D9 Male,water,0.25
158,12,264,12,D7 Female,water,0.36833333333333335
158,13,288,14,D8 Female,water,0.455
158,15,336,14,D8 Female,water,0.455
158,19,432,10,D6 Female,medicine,0.44833333333333336
159,3,48,0,D1 Female,water,0.5833333333333333
159,3,48,7,D4 Male,water,0.705
159,3,48,9,D5 Male,water,0.2916666666666667
159,3,48,12,D7 Female,water,0.24666666666666665
159,5,96,7,D4 Male,medicine,0.705
159,5,96,12,D7 Female,water,0.24666666666666665
159,9,192,13,D7 Male,water,0.4583333333333333
159,12,264,5,D3 Male,medicine,0.3333333333333333
160,3,48,0,D1 Female,water,0.6666666666666667
160,4,72,6,D4 Female,medicine,0.5416666666666667
160,6,120,10,D6 Female,medicine,0.3716666666666667
160,16,360,23,D12 Male,water,0.36833333333333335
160,20,456,16,D9 Female,water,0.74
161,4,72,8,D5 Female,medicine,0.3716666666666667
161,6,120,1,D1 Male,water,0.625
161,7,144,3,D2 Male,medicine,0.7466666666666667
161,7,144,6,D4 Female,water,0.6666666666666667
161,8,168,4,D3 Female,water,0.25
161,12,264,1,D1 Male,water,0.705
161,15,336,1,D1 Male,water,0.705
161,17,384,6,D4 Female,medicine,0.7466666666666667
161,17,384,10,D6 Female,medicine,0.5766666666666667
162,3,48,16,D9 Female,water,0.4583333333333333
162,3,48,17,D9 Male,water,0.25
162,4,72,1,D1 Male,medicine,0.7083333333333333
162,4,72,6,D4 Female,medicine,0.5833333333333333
162,6,120,3,D2 Male,medicine,0.45833333333333337
162,9,192,8,D5 Female,medicine,0.455
162,11,240,13,D7 Male,medicine,0.3333333333333333
163,3,48,5,D3 Male,water,0.25
163,3,48,10,D6 Female,water,0.33
163,3,48,21,D11 Male,water,0.3716666666666667
163,7,144,20,D11 Female,medicine,0.5383333333333333
163,8,168,0,D1 Female,water,0.5416666666666667
163,15,336,13,D7 Male,medicine,0.24666666666666665
163,21,480,9,D5 Male,water,0.36833333333333335
164,3,48,7,D4 Male,water,0.5
164,3,48,8,D5 Female,water,0.3333333333333333
164,3,48,19,D10 Male,water,0.08333333333333333
164,5,96,12,D7 Female,water,0.3333333333333333
164,6,120,13,D7 Male,water,0.3333333333333333
164,7,144,3,D2 Male,water,0.5
164,20,456,9,D5 Male,medicine,0.45166666666666666
165,3,48,2,D2 Female,water,0.6216666666666667
165,5,96,1,D1 Male,medicine,0.5833333333333333
165,10,216,9,D5 Male,water,0.20500000000000002
165,13,288,21,D11 Male,medicine,0.615
165,19,432,7,D4 Male,water,0.7466666666666667
166,3,48,1,D1 Male,water,0.5416666666666667
166,3,48,7,D4 Male,water,0.6666666666666667
166,3,48,17,D9 Male,water,0.3333333333333333
166,3,48,18,D10 Female,water,0.2916666666666667
166,4,72,2,D2 Female,water,0.41666666666666663
166,4,72,21,D11 Male,water,0.2916666666666667
166,5,96,1,D1 Male,water,0.5416666666666667
166,9,192,16,D9 Female,water,0.28500000000000003
166,12,264,5,D3 Male,water,0.4966666666666667
166,14,312,22,D12 Female,water,0.5766666666666667
167,3,48,0,D1 Female,water,0.75
167,3,48,10,D6 Female,water,0.4166666666666667
167,5,96,3,D2 Male,water,0.45833333333333337
167,5,96,6,D4 Female,water,0.41666666666666663
167,6,120,16,D9 Female,water,0.25
167,9,192,22,D12 Female,medicine,0.535
167,10,216,8,D5 Female,medicine,0.45166666666666666
167,12,264,22,D12 Female,medicine,0.615
167,13,288,8,D5 Female,medicine,0.5316666666666667
167,15,336,0,D1 Female,medicine,0.91
168,3,48,4,D3 Female,water,0.2916666666666667
168,3,48,7,D4 Male,water,0.625
168,3,48,10,D6 Female,medicine,0.33
168,4,72,2,D2 Female,water,0.45833333333333337
168,5,96,3,D2 Male,water,0.7083333333333333
168,5,96,7,D4 Male,water,0.625
168,5,96,15,D8 Male,medicine,0.33
168,6,120,6,D4 Female,water,0.5416666666666667
168,8,168,5,D3 Male,water,0.2916666666666667
168,9,192,11,D6 Male,water,0.16666666666666666
168,15,336,3,D2 Male,medicine,0.8683333333333333
169,6,120,1,D1 Male,medicine,0.6633333333333332
170,3,48,10,D6 Female,water,0.3333333333333333
170,4,72,10,D6 Female,medicine,0.41333333333333333
170,14,312,21,D11 Male,medicine,0.24666666666666665
171,3,48,19,D10 Male,water,0.25
171,3,48,23,D12 Male,water,0.4166666666666667
171,7,144,8,D5 Female,water,0.16666666666666666
171,14,312,2,D2 Female,medicine,0.58
172,3,48,9,D5 Male,water,0.16666666666666666
172,3,48,20,D11 Female,medicine,0.455
172,5,96,2,D2 Female,medicine,0.7466666666666667
172,5,96,5,D3 Male,medicine,0.25
172,5,96,18,D10 Female,water,0.2916666666666667
172,6,120,1,D1 Male,medicine,0.6666666666666667
172,6,120,7,D4 Male,water,0.5833333333333333
172,6,120,20,D11 Female,water,0.455
172,8,168,1,D1 Male,medicine,0.7466666666666667
172,10,216,9,D5 Male,water,0.16666666666666666
172,12,264,1,D1 Male,water,0.8266666666666668
172,12,264,12,D7 Female,medicine,0.74
172,14,312,6,D4 Female,medicine,0.5383333333333333
172,18,408,9,D5 Male,water,0.32666666666666666
172,18,408,12,D7 Female,water,0.75
172,20,456,12,D7 Female,water,0.75
173,6,120,1,D1 Male,medicine,0.58
173,11,240,0,D1 Female,medicine,0.8233333333333333
173,14,312,6,D4 Female,water,0.7016666666666668
174,3,48,2,D2 Female,water,0.7083333333333333
174,8,168,8,D5 Female,medicine,0.4966666666666667
174,12,264,6,D4 Female,water,0.5416666666666667
174,12,264,11,D6 Male,water,0.5733333333333333
175,3,48,13,D7 Male,water,0.16666666666666666
175,3,48,16,D9 Female,water,0.375
175,4,72,0,D1 Female,water,0.6216666666666667
175,7,144,2,D2 Female,water,0.5
175,8,168,6,D4 Female,water,0.5833333333333333
175,12,264,2,D2 Female,medicine,0.58
175,15,336,11,D6 Male,medicine,0.32666666666666666
175,16,360,11,D6 Male,medicine,0.32666666666666666
175,17,384,21,D11 Male,water,0.16666666666666666
176,3,48,5,D3 Male,medicine,0.25
176,3,48,6,D4 Female,water,0.5383333333333333
176,5,96,6,D4 Female,water,0.5383333333333333
176,5,96,8,D5 Female,water,0.3333333333333333
176,5,96,10,D6 Female,water,0.2916666666666667
176,6,120,8,D5 Female,medicine,0.41333333333333333
176,8,168,12,D7 Female,medicine,0.20833333333333334
176,9,192,18,D10 Female,water,0.58
176,18,408,16,D9 Female,medicine,0.49
177,3,48,2,D2 Female,water,0.41666666666666663
177,3,48,8,D5 Female,water,0.08333333333333333
177,3,48,11,D6 Male,water,0.375
177,3,48,13,D7 Male,water,0.5
177,3,48,20,D11 Female,medicine,0.41333333333333333
177,4,72,6,D4 Female,medicine,0.5833333333333333
177,4,72,14,D8 Female,medicine,0.375
177,6,120,22,D12 Female,medicine,0.2916666666666667
178,3,48,1,D1 Male,water,0.41666666666666663
178,4,72,5,D3 Male,water,0.3333333333333333
178,11,240,12,D7 Female,medicine,0.5383333333333333
178,14,312,0,D1 Female,water,0.705
179,3,48,2,D2 Female,water,0.375
179,3,48,10,D6 Female,water,0.375
179,6,120,5,D3 Male,medicine,0.3716666666666667
180,3,48,6,D4 Female,water,0.6666666666666667
180,3,48,16,D9 Female,water,0.25
180,3,48,21,D11 Male,water,0.3333333333333333
180,4,72,10,D6 Female,medicine,0.33
180,7,144,17,D9 Male,medicine,0.2916666666666667
180,7,144,22,D12 Female,water,0.375
181,3,48,7,D4 Male,water,0.5
181,3,48,9,D5 Male,water,0.2916666666666667
181,3,48,17,D9 Male,water,0.58
181,5,96,7,D4 Male,water,0.58
181,8,168,17,D9 Male,water,0.58
181,14,312,6,D4 Female,medicine,0.49666666666666665
182,4,72,8,D5 Female,medicine,0.25
182,4,72,10,D6 Female,water,0.16666666666666666
182,7,144,0,D1 Female,water,0.6633333333333332
182,7,144,20,D11 Female,water,0.25
182,9,192,0,D1 Female,water,0.6633333333333332
182,11,240,0,D1 Female,water,0.6633333333333332
182,12,264,1,D1 Male,water,0.455
183,3,48,0,D1 Female,water,0.5
183,4,72,5,D3 Male,water,0.3333333333333333
183,5,96,23,D12 Male,medicine,0.41333333333333333
183,7,144,7,D4 Male,medicine,0.6216666666666667
183,9,192,23,D12 Male,medicine,0.4933333333333333
183,11,240,7,D4 Male,water,0.6216666666666667
183,13,288,0,D1 Female,medicine,0.58
184,3,48,2,D2 Female,water,0.6633333333333332
184,3,48,5,D3 Male,water,0.4166666666666667
184,7,144,12,D7 Female,medicine,0.4933333333333333
184,13,288,7,D4 Male,water,0.6633333333333332
184,18,408,20,D11 Female,water,0.58
185,3,48,5,D3 Male,water,0.2916666666666667
185,6,120,16,D9 Female,water,0.25
185,7,144,6,D4 Female,water,0.7466666666666667
185,9,192,10,D6 Female,medicine,0.25
185,14,312,14,D8 Female,water,0.455
185,16,360,18,D10 Female,medicine,0.41000000000000003
186,3,48,1,D1 Male,water,0.625
186,5,96,3,D2 Male,medicine,0.66
186,5,96,19,D10 Male,medicine,0.20500000000000002
186,10,216,3,D2 Male,water,0.66
186,12,264,3,D2 Male,medicine,0.66
186,16,360,10,D6 Female,water,0.3716666666666667
187,3,48,7,D4 Male,water,0.41666666666666663
187,6,120,6,D4 Female,medicine,0.45833333333333337
187,7,144,18,D10 Female,water,0.375
187,8,168,1,D1 Male,water,0.3333333333333333
187,11,240,1,D1 Male,water,0.3333333333333333
187,11,240,2,D2 Female,medicine,0.6216666666666667
188,4,72,18,D10 Female,water,0.375
188,5,96,1,D1 Male,medicine,0.5
188,5,96,8,D5 Female,water,0.20833333333333334
188,6,120,23,D12 Male,water,0.375
188,7,144,0,D1 Female,water,0.7433333333333333
188,9,192,21,D11 Male,water,0.455
188,13,288,21,D11 Male,water,0.455
189,3,48,1,D1 Male,medicine,0.58
189,3,48,3,D2 Male,water,0.5416666666666667
189,4,72,0,D1 Female,medicine,0.45833333333333337
189,13,288,21,D11 Male,water,0.3716666666666667
189,14,312,18,D10 Female,water,0.33
189,15,336,3,D2 Male,water,0.7016666666666668
189,15,336,8,D5 Female,water,0.25
190,8,168,14,D8 Female,water,0.41333333333333333
191,3,48,2,D2 Female,water,0.7083333333333333
191,3,48,7,D4 Male,water,0.45833333333333337
191,3,48,17,D9 Male,water,0.4583333333333333
191,3,48,23,D12 Male,water,0.375
191,5,96,6,D4 Female,water,0.45833333333333337
191,5,96,7,D4 Male,water,0.45833333333333337
191,5,96,23,D12 Male,water,0.375
191,11,240,1,D1 Male,water,0.45833333333333337
192,3,48,6,D4 Female,water,0.45833333333333337
192,3,48,9,D5 Male,water,0.3333333333333333
192,3,48,11,D6 Male,water,0.125
192,4,72,18,D10 Female,medicine,0.41333333333333333
192,5,96,13,D7 Male,medicine,0.2916666666666667
192,8,168,0,D1 Female,medicine,0.5833333333333333
192,9,192,9,D5 Male,medicine,0.41333333333333333
193,3,48,5,D3 Male,water,0.3333333333333333
193,3,48,6,D4 Female,water,0.5
193,4,72,7,D4 Male,water,0.7466666666666667
193,4,72,18,D10 Female,medicine,0.455
193,5,96,20,D11 Female,medicine,0.20500000000000002
193,6,120,3,D2 Male,water,0.5833333333333333
193,7,144,6,D4 Female,medicine,0.5
193,8,168,3,D2 Male,water,0.5833333333333333
193,15,336,5,D3 Male,medicine,0.4933333333333333
193,17,384,5,D3 Male,medicine,0.4933333333333333
193,18,408,7,D4 Male,medicine,0.8266666666666668
193,18,408,8,D5 Female,medicine,0.32666666666666666
194,4,72,9,D5 Male,water,0.4166666666666667
194,6,120,9,D5 Male,medicine,0.4966666666666667
194,8,168,4,D3 Female,medicine,0.41333333333333333
194,9,192,4,D3 Female,medicine,0.41333333333333333
194,13,288,15,D8 Male,water,0.455
195,3,48,0,D1 Female,water,0.5416666666666667
195,3,48,2,D2 Female,water,0.75
195,3,48,4,D3 Female,water,0.25
195,3,48,9,D5 Male,water,0.20833333333333334
195,3,48,15,D8 Male,water,0.4583333333333333
195,4,72,17,D9 Male,medicine,0.24666666666666665
195,12,264,17,D9 Male,water,0.24666666666666665
195,15,336,1,D1 Male,water,0.705
196,2,24,22,D12 Female,medicine,0.2916666666666667
196,3,48,10,D6 Female,medicine,0.3716666666666667
196,3,48,12,D7 Female,water,0.375
196,6,120,1,D1 Male,water,0.5383333333333333
197,3,48,5,D3 Male,water,0.125
197,3,48,12,D7 Female,water,0.16666666666666666
197,3,48,22,D12 Female,water,0.4166666666666667
197,3,48,23,D12 Male,water,0.2916666666666667
197,4,72,4,D3 Female,medicine,0.16666666666666666
197,4,72,6,D4 Female,medicine,0.6216666666666667
197,5,96,1,D1 Male,water,0.7466666666666667
197,8,168,10,D6 Female,water,0.125
197,8,168,18,D10 Female,medicine,0.28833333333333333
197,13,288,9,D5 Male,water,0.28833333333333333
197,13,288,17,D9 Male,water,0.5383333333333333
197,16,360,6,D4 Female,water,0.7816666666666667
197,18,408,6,D4 Female,water,0.7816666666666667
198,3,48,21,D11 Male,water,0.25
198,5,96,0,D1 Female,water,0.625
198,5,96,12,D7 Female,water,0.041666666666666664
198,7,144,0,D1 Female,water,0.705
198,11,240,9,D5 Male,medicine,0.3333333333333333
198,19,432,0,D1 Female,water,0.865
199,3,48,19,D10 Male,water,0.2916666666666667
199,5,96,2,D2 Female,medicine,0.5833333333333333
199,5,96,13,D7 Male,medicine,0.33
199,5,96,21,D11 Male,medicine,0.3333333333333333
199,9,192,3,D2 Male,water,0.49666666666666665
199,16,360,22,D12 Female,water,0.41000000000000003
199,17,384,10,D6 Female,water,0.375
